round,elapsed_ms,route,token_count,pcm_frames,status,asr_rss_kb,llm_rss_kb,tts_rss_kb,temp_c
1,59624,l2,152,2374,ok,112384,890964,220872,49.923
2,58700,l2,152,2369,ok,112240,891028,220760,50.846
3,58542,l2,152,2388,ok,112444,890960,220948,51.769
4,60804,l2,152,2383,ok,112500,890960,220732,50.846
5,59847,l2,152,2380,ok,112112,890972,220712,50.846
6,59547,l2,152,2385,ok,111896,890940,220788,50.846
7,60504,l2,152,2379,ok,112140,891016,220696,51.769
8,59914,l2,152,2392,ok,112124,891000,221544,51.769
9,59957,l2,152,2387,ok,112128,890956,221696,51.769
10,60377,l2,152,2378,ok,112136,891008,221604,51.769
11,58664,l2,152,2384,ok,110588,890992,221004,51.769
12,60378,l2,152,2376,ok,112496,891068,220980,51.769
13,58413,l2,152,2379,ok,112180,890964,221108,51.769
14,58894,l2,152,2366,ok,112116,890988,220840,50.846
15,61686,l2,152,2386,ok,112184,891012,221564,50.846
16,58312,l2,152,2379,ok,112172,890972,220728,49.923
17,59419,l2,152,2373,ok,112144,890884,220940,49.923
18,59765,l2,152,2380,ok,111864,890968,220692,49.923
19,60636,l2,152,2380,ok,110252,890928,220696,49.923
20,59048,l2,152,2387,ok,112432,890928,220888,50.846
21,60575,l2,152,2376,ok,112112,890996,220688,49.923
22,60731,l2,152,2377,ok,112176,890960,221004,49.923
23,59335,l2,152,2377,ok,112932,891024,221372,49.923
24,57454,l2,152,2373,ok,112244,891020,220956,49.0
25,58451,l2,152,2384,ok,113100,890936,221568,49.923
26,58654,l2,152,2384,ok,113240,891080,220896,50.846
27,60791,l2,152,2382,ok,109212,890968,220964,49.923
28,59320,l2,152,2380,ok,110340,891056,220776,49.923
29,58866,l2,152,2382,ok,112240,891028,220768,49.923
30,59261,l2,152,2391,ok,112432,891028,221700,49.923
